City/Region,ISS-ID
Belgrade,ISS006-E-22876
Asturias,ISS006-E-25290
Madrid,ISS006-E-25299
Valencia,ISS006-E-25300
Valencia,ISS006-E-25300
New york,ISS006-E-37526
New york,ISS006-E-51705
Po Valley,ISS007-E-16116
New york,ISS007-E-16441
"AMSTERDAM, ROTTERDAM AT NIGHT",ISS010-E-7731
Zaragoza,ISS016-E-12099
,ISS016-E-16216
Rome,ISS016-E-16219
Chicago,ISS016-E-16835
Mexico city,ISS016-E-21628
,ISS016-E-23450
Madrid,ISS016-E-26126
New york,ISS016-E-28990
Chicago,ISS020-E-52055
Athens,ISS020-E-52546
Moscu,ISS020-E-53086
New york,ISS020-E-53100
La manga,ISS021-E-15145
Valencia,ISS021-E-15146
Tenerife y Gran Canaria,ISS021-E-17003
Cadiz,ISS021-E-17020
Malaga-Granada,ISS021-E-17021
Costa de Valencia,ISS021-E-17023
Valencia,ISS021-E-17023
Madrid,ISS021-E-17025
Madrid,ISS021-E-17025
Barcelona,ISS021-E-17027
Tenerife y Gran Canaria,ISS021-E-18602
Costa de Valencia,ISS021-E-18625
Valencia,ISS021-E-18625
Cadiz,ISS021-E-21397
Madrid,ISS021-E-21400
Barcelona,ISS021-E-24543
Costa catalana,ISS021-E-24544
Valencia,ISS021-E-25437
Cadiz,ISS021-E-27320
Melburne,ISS021-E-8688
Sydney,ISS021-E-8693
New york,ISS022-E-19787
Chicago,ISS022-E-19808
Tokyo,ISS022-E-73320
New york,ISS022-E-75476
"Kiev, Ukraine",ISS022-E-85416
Madrid,ISS023-E-28918
"LYON, TORINO, MARSEIILE",ISS023-E-29061
Lisboa,ISS023-E-29555
Madrid,ISS023-E-29557
Venecia,ISS023-E-29566
Varsovia,ISS023-E-29571
Pekin,ISS023-E-30259
,ISS023-E-30618
Seul,ISS023-E-31107
Chicago,ISS023-E-31264
¿Kobe osaka?,ISS023-E-31424
Italia,ISS023-E-33042
España,ISS025-E-10378
Baleres y Barcelona,ISS025-E-10396
España,ISS025-E-10400
,ISS025-E-10541
"NILE DELTA, NILE VALLEY, ISRAEL",ISS025-E-10611
Jamaica,ISS025-E-10745
España,ISS025-E-11721
Madrid,ISS025-E-11733
Valencia,ISS025-E-11746
Costa este y Madrid,ISS025-E-11753
Cabe town,ISS025-E-12912
España,ISS025-E-13698
Lisboa,ISS025-E-13702
,ISS025-E-13709
España,ISS025-E-13709
Madrid y costa Valenciana,ISS025-E-16964
Trípoli,ISS025-E-16972
Tripoli,ISS025-E-16972
Rio de Janeiro,ISS025-E-17644
Sau paulo,ISS025-E-17650
España,ISS025-E-9374
"Bangkok, capital of Thailand",ISS026-E-10071
Nilo,ISS026-E-10085
"MIAMI, CAPE CORAL AT NIGHT",ISS026-E-10788
"Camden, Philadelphia",ISS026-E-10853
New york,ISS026-E-10875
Lago di Ginevra.,ISS026-E-10948
Padova,ISS026-E-10976
Cairo,ISS026-E-11010
Cairo,ISS026-E-11016
New york,ISS026-E-11598
Chicago,ISS026-E-12292
New york,ISS026-E-12491
Acapulco ,ISS026-E-13687
ANTWERP-BRUSSELS REGION AT NIGHT,ISS026-E-13692
Belgium Netherlands region at nigth,ISS026-E-13695
,ISS026-E-13778
Paris,ISS026-E-14546
Chipre,ISS026-E-14590
Chipre,ISS026-E-14591
Ankara,ISS026-E-14592
Ankara,ISS026-E-14599
Israel,ISS026-E-14600
Beirut,ISS026-E-14603
Jerusalen,ISS026-E-14613
"Latakia, southern Corniche en el centro",ISS026-E-14614
Alkubait,ISS026-E-14621
Bahein,ISS026-E-14637
Doha,ISS026-E-14640
Abudabi,ISS026-E-14647
"JOHOR BAHARU, SINGAPORE AT NIGHT",ISS026-E-14694
España,ISS026-E-14781
Cadiz,ISS026-E-14791
Cadiz,ISS026-E-14795
Valencia con nubes,ISS026-E-14796
Ibiza,ISS026-E-14803
Baleares,ISS026-E-14810
Tripoli,ISS026-E-14822
Corcega y cerdeña,ISS026-E-14994
Cerdeña,ISS026-E-14998
Sicilia,ISS026-E-15002
Malta and Gozo.,ISS026-E-15011
Benghazi in Libya,ISS026-E-15015
Tenerife,ISS026-E-15243
Gran Canaria,ISS026-E-15248
Islas Canarias occidentales,ISS026-E-15259
Rabat,ISS026-E-15817
Casablanca,ISS026-E-15817
"Brasilia, capital of Brazil",ISS026-E-16368
Rio de Janeiro,ISS026-E-16386
"Cancun and the Isla de Mujeres, Mexico",ISS026-E-16444
"Tokyo at Tokyo Bay, Japan",ISS026-E-16518
CAGLIARI,ISS026-E-16814
ZLITAN-ALKHUMS,ISS026-E-16847
MISRATAH,ISS026-E-16855
Khartoum,ISS026-E-16858
"KAMPALA-ENTEBBE AREA AT NIGHT, SOFT",ISS026-E-17163
DAR ES SALAAM,ISS026-E-17177
PRETORIA-JOHANNEBURG-RUSTENBURG REGION AT NIGHT,ISS026-E-17194
Johannesburg e Pretoria,ISS026-E-17194
DURBAN AREA AT NIGHT,ISS026-E-17215
Pietermaritzburg under clouds,ISS026-E-17219
Sydney,ISS026-E-18043
CHRISTCHURCH,ISS026-E-18052
São Paulo,ISS026-E-18092
COLOMBO-NEGOMBO,ISS026-E-19535
MEXICO CITY-PACHUCA-CUERNAVACA,ISS026-E-20604
"Beijing, China",ISS026-E-24039
"Tianjin, China",ISS026-E-24052
Dalian,ISS026-E-24056
Gibraltar,ISS026-E-24717
Napoles,ISS026-E-24732
Roma,ISS026-E-24737
,ISS026-E-24747
Napoles,ISS026-E-24756
,ISS026-E-24759
,ISS026-E-24760
Napoli,ISS026-E-24978
Murcia,ISS026-E-25945
Barcelona,ISS026-E-25949
Roma,ISS026-E-25979
,ISS026-E-26046
Lecce,ISS026-E-26437
THESSALONIKA AT NIGHT,ISS026-E-26448
Sofia,ISS026-E-26450
Estambul,ISS026-E-26459
 BUCHAREST,ISS026-E-26465
Lisboa,ISS026-E-26473
Sevilla,ISS026-E-26480
Sevilla,ISS026-E-26482
Madrid,ISS026-E-26484
Madrid,ISS026-E-26493
Zaragoza,ISS026-E-26497
BORDEAUX AT NIGHT,ISS026-E-26499
TOULOUSE AT NIGHT,ISS026-E-26502
Lyon to geneva,ISS026-E-26506
Lyon to geneva,ISS026-E-26512
TORINO AT NIGHT,ISS026-E-26515
GRENOBLE AT NIGHT,ISS026-E-26516
"GENEVA, LAKE GENEVA AT NIGHT",ISS026-E-26517
TORINO AT NIGHT,ISS026-E-26519
MILAN AT NIGHT,ISS026-E-26525
MILAN AT NIGHT,ISS026-E-26526
SALO AT NIGHT,ISS026-E-26529
"VERONA, L. GARDA AT NIGHT",ISS026-E-26531
"Lago di Garda, Verona",ISS026-E-26531
"SARATOV, ENGELS AT NIGHT",ISS026-E-26536
TOLYATTI TO SAMARA AT NIGHT,ISS026-E-26539
SAMARA AT NIGHT,ISS026-E-26540
,ISS026-E-26543
CHICAGO AT NIGHT,ISS026-E-26545
CHICAGO AT NIGHT,ISS026-E-26553
NEW YORK CITY AT NIGHT,ISS026-E-26567
New york,ISS026-E-26567
TRENTON TO NEW YORK CITY AT NIGHT,ISS026-E-26568
ATLANTIC CITY AT NIGHT,ISS026-E-26570
"PHILADELPHIA, CAMDEN AT NIGHT ",ISS026-E-26571
NEW YORK CITY AT NIGHT,ISS026-E-26572
TOKYO BAY AREA AT NIGHT,ISS026-E-26582
,ISS026-E-26921
TUNIS AT NIGHT,ISS026-E-26922
TUNIS AT NIGHT,ISS026-E-26925
AL MUNASTIR TO SOUSSE AT NIGHT,ISS026-E-26928
SOUSSE TO NABEUL,ISS026-E-26930
AL MUNASTIR TO SOUSSE AT NIGHT,ISS026-E-26931
PANTELLERIA ISLAND AT NIGHT,ISS026-E-26935
PALERMO AT NIGHT,ISS026-E-26937
PALERMO AT NIGHT,ISS026-E-26940
CATANIA AT NIGHT,ISS026-E-26953
STRAIT OF MESSINA AT NIGHT,ISS026-E-26962
NAPLES TO ROME AT NIGHT,ISS026-E-26965
"PESCARA AT NIGHT, COAST",ISS026-E-26968
BARI AT NIGHT,ISS026-E-26971
Detroit,ISS026-E-27016
"Cleveland, Ohio",ISS026-E-27017
Baltimore,ISS026-E-27030
"Chesapeake, Virginia",ISS026-E-27034
"Atlantic City, Nueva Jersey",ISS026-E-27038
"Atlantic City, Nueva Jersey",ISS026-E-27041
Paris,ISS026-E-27043
Paris,ISS026-E-27045
Breslavia,ISS026-E-27062
Munich,ISS026-E-27167
"Bombay, Maharastra",ISS026-E-28237
"Pune, Maharastra",ISS026-E-28244
"Hyderabad, Andhra Pradesh",ISS026-E-28261
"Virginia Beach, Virginia",ISS026-E-28282
Paris,ISS026-E-28791
Paris,ISS026-E-28794
Geneva,ISS026-E-28806
BERN-LUZERN-ZURICH,ISS026-E-28808
Milano.,ISS026-E-28826
FIRENZE-LIVORNO-PISA REGION AT NIGHT,ISS026-E-28837
LIVORNO-PISA-VIAREGGIO REGION AT NIGHT,ISS026-E-28840
Split,ISS026-E-28847
    NE-DURRES AREA AT NIGHT,ISS026-E-28857
Atenas,ISS026-E-28866
Nicosia,ISS026-E-28888
NICOSIA AND CITIES OF CYPRUS AT NIGHT,ISS026-E-28890
BEIRUT AREA AT NIGHT,ISS026-E-28894
SAIDA-SOUR AREA AT NIGHT,ISS026-E-28896
SOUR-NAHARIYYA-HAIFA AREA AT NIGHT,ISS026-E-28898
HAIFA-NAHRIYYA AREA AT NIGHT,ISS026-E-28909
Tel Aviv ,ISS026-E-28912
TEL AVIV-JERUSALEM-AMMAN REGION AT NIGHT,ISS026-E-28918
AMMAN AREA AT NIGHT,ISS026-E-28920
CITIES OF THE SINAI PENINSULA REGION AT NIGHT,ISS026-E-28939
Medina,ISS026-E-28941
JEDDAH-MECCA-AT TA'IF REGION AT NIGHT,ISS026-E-28948
MECCA AREA AT NIGHT,ISS026-E-28952
AT TA'IF AREA AT NIGHT,ISS026-E-28954
Detroit,ISS026-E-32147
Bankonk,ISS026-E-34641
Shibei,ISS026-E-34670
Montreal,ISS026-E-34846
Paris,ISS026-E-35564
Nápoles,ISS026-E-35577
Nilo,ISS026-E-35616
Jeddah,ISS026-E-35648
Meca y Taif?,ISS026-E-35650
Mexico DF,ISS026-E-35717
Merida,ISS026-E-35726
PRETORIA-JOHANNEBURG-RUSTENBURG REGION AT NIGHT,ISS026-E-35803
Gran Canaria,ISS026-E-35927
Tenerife,ISS026-E-35928
Lanzarote,ISS026-E-35929
Estrecho Gibraltar,ISS026-E-35931
Madrid,ISS026-E-35947
Madrid,ISS026-E-35953
Valencia,ISS026-E-35955
Valencia,ISS026-E-35959
Barcelona,ISS026-E-35962
Barcelona,ISS026-E-35968
,ISS026-E-35987
,ISS026-E-36031
Bogota,ISS026-E-5706
New york,ISS026-E-5827
Los Angeles,ISS026-E-6218
las vegas,ISS026-E-6238
"Vancouver and Portland, British Columbia, Canada, at night",ISS026-E-7158
Tokyo,ISS026-E-7619
New York,ISS026-E-7854
Mexico city,ISS026-E-8198
New york,ISS026-E-8271
Miami,ISS026-E-8504
New york,ISS026-E-8543
CITIES AT NIGHT,ISS026-E-9108
Beiging,ISS026-E-9628
New Deli,ISS026-E-9712
Oregon,ISS027-E-10108
Edmonton,ISS027-E-11778
Edmonton,ISS027-E-12254
,ISS027-E-13369
Costa Oeste,ISS027-E-13382
Boston,ISS027-E-13661
St.John,ISS027-E-13664
Dublin,ISS027-E-13666
Cardiff y Newport. Mouth of the Severn,ISS027-E-13670
Paris,ISS027-E-13678
Long Island,ISS027-E-13692
ILLINOIS,ISS027-E-13725
Baltimore y Washington DC,ISS027-E-13744
Washington DC y Richmond a la derecha; con Fredericksburg en medio.,ISS027-E-13754
"Norfolk, Portsmouth, Virginia Beach",ISS027-E-13755
New Bern?,ISS027-E-13768
Alaska - Canadá,ISS027-E-13770
,ISS027-E-13785
Mineapolis-St Paul,ISS027-E-13817
,ISS027-E-13824
San Francisco,ISS027-E-13833
Los Angeles,ISS027-E-13856
New York - Boston,ISS027-E-14018
Connecticut,ISS027-E-14068
,ISS027-E-14102
Beijing - Tianjin,ISS027-E-14348
Beijing,ISS027-E-14748
"Tianjin, Wuqing",ISS027-E-14766
"QINGDAO, JIAOZHOUWAN, HUANGDAO",ISS027-E-14777
Incheon,ISS027-E-14789
"SEOUL, HAN RIVER, SUWON, ANSAN ",ISS027-E-14797
"CHEJU DO, JEJU, SEOGWIPO",ISS027-E-14803
Budapest,ISS027-E-15209
,ISS027-E-15216
Irlanda - UK,ISS027-E-16302
,ISS027-E-17353
Cabe town,ISS027-E-18904
Ciudad del Cabo,ISS027-E-18905
Cabe town,ISS027-E-18916
,ISS027-E-19991
St. Petersburg,ISS027-E-20111
Lakeland,ISS027-E-20118
Boston,ISS027-E-20156
,ISS027-E-20254
,ISS027-E-20950
,ISS027-E-20959
,ISS027-E-20967
Alexandria,ISS027-E-20972
El Cairo,ISS027-E-20976
El Cairo,ISS027-E-20980
TEL AVIV-JERUSALEM-AMMAN REGION AT NIGHT,ISS027-E-20996
TEL AVIV-JERUSALEM-AMMAN REGION AT NIGHT,ISS027-E-20997
TABUK,ISS027-E-21007
TABUK,ISS027-E-21010
Mecca,ISS027-E-21015
Mecca y Taif??,ISS027-E-21030
,ISS027-E-21037
"Johannesburgo, Pretoria y Rustenburgo",ISS027-E-24885
"Johannesburgo, Pretoria y Rustenburgo",ISS027-E-25764
Península de Florida,ISS027-E-30218
Rio de Janerio,ISS027-E-30639
,ISS027-E-30659
Honolulu Hawai,ISS027-E-9243
"BRUSSELS AT NIGHT, LONDON, ROTTERDAM, ISS",ISS028-E-24376
" BRUSSELS AT NIGHT, ROTTERDAM, SOFT",ISS028-E-24378
Tokyo,ISS028-E-25299
India- Bangladesh,ISS028-E-6131
TUNIS-SOUSSE-SFAX REGION AT NIGHT,ISS028-E-8591
ISLAND OF SICILY AT NIGHT,ISS028-E-8594
TARANTO-BRINDISI-LECCE AREA AT NIGHT,ISS028-E-8600
ROME-NAPLES-FOGGIA-PESCARA REGION AT NIGHT,ISS028-E-8601
Colorado Springs,ISS030-E-109040
Panamá Channel,ISS030-E-109098
Bogota,ISS030-E-109109
Las vegas,ISS030-E-112160
Quito,ISS030-E-119455
Sydney,ISS030-E-147311
Cidad Juarez,ISS030-E-166441
Juares y el paso,ISS030-E-166443
,ISS030-E-166514
Melburne,ISS030-E-166514
Panamá Channel,ISS030-E-167963
Panamá Channel,ISS030-E-167985
Cabe town,ISS030-E-172413
Las vegas HDR,ISS030-E-172815
"St George, Utha",ISS030-E-172821
Galicia?,ISS030-E-177414
Taití,ISS030-E-183775
Hermosillo,ISS030-E-183793
HEorica/Nogales,ISS030-E-183802
Tucson,ISS030-E-183804
Sierra vista,ISS030-E-183808
Alburquerque,ISS030-E-183832
     Norte España,ISS030-E-185509
Bagdad,ISS030-E-187917
Madrid HDR,ISS030-E-188196
Madrid HDR,ISS030-E-188198
     España,ISS030-E-193740
     Norte España,ISS030-E-193800
Galicia,ISS030-E-195007
Montreal,ISS030-E-195520
Brisbane,ISS030-E-19992
     spain,ISS030-E-200115
,ISS030-E-200361
,ISS030-E-200500
    ,ISS030-E-201166
     urss,ISS030-E-201811
     spain,ISS030-E-201846
greece,ISS030-E-202962
Spain,ISS030-E-203168
     spain,ISS030-E-203286
Colores,ISS030-E-203924
Madrid con nubes,ISS030-E-203945
Madrid con nubes,ISS030-E-203945
,ISS030-E-203950
Marsella,ISS030-E-203952
,ISS030-E-203958
,ISS030-E-203959
Viena y Bratislava,ISS030-E-203973
,ISS030-E-204004
,ISS030-E-204010
,ISS030-E-204037
Varsovia,ISS030-E-204048
,ISS030-E-204052
     greece,ISS030-E-204246
     spain,ISS030-E-204709
,ISS030-E-204839
,ISS030-E-204993
italy,ISS030-E-205019
,ISS030-E-205164
     holland,ISS030-E-205205
,ISS030-E-205284
     spain,ISS030-E-205619
     europa,ISS030-E-205765
     holland,ISS030-E-205815
    ,ISS030-E-206045
     UK,ISS030-E-206141
     France,ISS030-E-207866
     UK,ISS030-E-208099
israel,ISS030-E-208769
,ISS030-E-208771
,ISS030-E-208782
,ISS030-E-208788
,ISS030-E-208797
,ISS030-E-208817
,ISS030-E-208833
,ISS030-E-208848
,ISS030-E-208862
Moscu,ISS030-E-208901
,ISS030-E-208909
,ISS030-E-208919
,ISS030-E-208936
,ISS030-E-208956
,ISS030-E-208970
,ISS030-E-208983
,ISS030-E-208997
,ISS030-E-209021
,ISS030-E-209043
Valencia,ISS030-E-209051
Valencia,ISS030-E-209052
,ISS030-E-209056
,ISS030-E-209074
,ISS030-E-209079
,ISS030-E-209094
,ISS030-E-209158
,ISS030-E-209165
,ISS030-E-209180
,ISS030-E-209191
,ISS030-E-209191
Lisboa,ISS030-E-209261
Lisboa High,ISS030-E-209261
Oporto hight,ISS030-E-209264
Madrid,ISS030-E-209270
Madrid,ISS030-E-209270
Madrid,ISS030-E-209276
,ISS030-E-209286
,ISS030-E-209308
,ISS030-E-209320
,ISS030-E-209331
,ISS030-E-209368
,ISS030-E-209374
,ISS030-E-209422
,ISS030-E-209436
?¿?¿? Peninsula?,ISS030-E-209443
,ISS030-E-209446
España?,ISS030-E-209449
Sevilla?,ISS030-E-209450
Madrid ,ISS030-E-209454
Madrid,ISS030-E-209455
Madrid,ISS030-E-209464
Valencia,ISS030-E-209465
Barcelona,ISS030-E-209473
,ISS030-E-209481
Las Vegas,ISS030-E-209621
Riyadh,ISS030-E-209861
,ISS030-E-211241
,ISS030-E-211265
,ISS030-E-211271
,ISS030-E-211286
,ISS030-E-211325
,ISS030-E-211345
,ISS030-E-211353
,ISS030-E-211378
,ISS030-E-211423
,ISS030-E-211432
,ISS030-E-211441
,ISS030-E-211462
,ISS030-E-211477
,ISS030-E-211486
,ISS030-E-211521
,ISS030-E-211533
,ISS030-E-211549
Kubait City,ISS030-E-211555
Almanamah (barein),ISS030-E-211582
,ISS030-E-211583
Doha(Barein),ISS030-E-211585
,ISS030-E-211600
     egipto,ISS030-E-212967
,ISS030-E-213309
,ISS030-E-213328
Barranquilla,ISS030-E-213334
,ISS030-E-213339
,ISS030-E-213358
     Europa,ISS030-E-213431
     Europa,ISS030-E-213644
     Europa,ISS030-E-215161
,ISS030-E-217467
,ISS030-E-217486
,ISS030-E-217497
,ISS030-E-217503
,ISS030-E-217514
,ISS030-E-217525
,ISS030-E-217544
,ISS030-E-217559
,ISS030-E-217571
,ISS030-E-217596
,ISS030-E-217613
,ISS030-E-217646
,ISS030-E-217663
,ISS030-E-217702
,ISS030-E-217714
,ISS030-E-217725
,ISS030-E-217758
,ISS030-E-217773
,ISS030-E-217789
,ISS030-E-217806
,ISS030-E-217821
,ISS030-E-217840
    ,ISS030-E-217857
,ISS030-E-222001
,ISS030-E-222676
,ISS030-E-222690
,ISS030-E-222693
,ISS030-E-222733
Murcia,ISS030-E-222796
Murcia,ISS030-E-222800
,ISS030-E-222806
,ISS030-E-222843
,ISS030-E-222859
,ISS030-E-222877
,ISS030-E-222896
Blanca,ISS030-E-222906
,ISS030-E-222943
,ISS030-E-222958
,ISS030-E-222968
,ISS030-E-222971
,ISS030-E-222989
,ISS030-E-223010
,ISS030-E-223018
,ISS030-E-223031
     UK,ISS030-E-223076
,ISS030-E-223648
,ISS030-E-223654
,ISS030-E-223695
,ISS030-E-223709
,ISS030-E-223725
,ISS030-E-223727
,ISS030-E-223733
,ISS030-E-223757
,ISS030-E-223777
,ISS030-E-223807
,ISS030-E-223831
,ISS030-E-223843
,ISS030-E-224369
,ISS030-E-224388
,ISS030-E-224399
,ISS030-E-224401
Bagdad,ISS030-E-224413
Verde,ISS030-E-224417
Kubait City,ISS030-E-224418
,ISS030-E-224424
Damman,ISS030-E-224426
,ISS030-E-224442
,ISS030-E-224468
Blanca,ISS030-E-224480
     hdr,ISS030-E-224730
,ISS030-E-224743
,ISS030-E-224748
,ISS030-E-224762
,ISS030-E-224781
,ISS030-E-224829
,ISS030-E-224852
     ¿Canada?,ISS030-E-225792
,ISS030-E-225909
,ISS030-E-226091
,ISS030-E-226097
     HDR,ISS030-E-226163
,ISS030-E-226225
,ISS030-E-226236
,ISS030-E-226401
    ,ISS030-E-227081
    ,ISS030-E-227741
,ISS030-E-228051
,ISS030-E-228059
,ISS030-E-228086
,ISS030-E-228123
,ISS030-E-228140
,ISS030-E-228247
,ISS030-E-228267
,ISS030-E-228289
,ISS030-E-228297
,ISS030-E-228309
,ISS030-E-228323
     rara,ISS030-E-228474
grandes lagos,ISS030-E-228841
,ISS030-E-229355
     EEUU,ISS030-E-230599
     EEUU,ISS030-E-232153
,ISS030-E-233155
     EEUU,ISS030-E-233654
,ISS030-E-233975
,ISS030-E-233978
,ISS030-E-233985
,ISS030-E-234001
,ISS030-E-234010
,ISS030-E-234013
,ISS030-E-234013
,ISS030-E-234018
,ISS030-E-234028
,ISS030-E-234055
,ISS030-E-234060
,ISS030-E-234073
,ISS030-E-234077
Riyadh,ISS030-E-234086
,ISS030-E-234088
     europa despejada,ISS030-E-234824
Continuación Lura España,ISS030-E-234824
Irlanda hdr,ISS030-E-236324
Holanda hdr,ISS030-E-236355
,ISS030-E-236373
,ISS030-E-236382
,ISS030-E-236392
,ISS030-E-236413
,ISS030-E-236428
,ISS030-E-236447
,ISS030-E-237122
,ISS030-E-237144
,ISS030-E-237177
,ISS030-E-237192
,ISS030-E-237233
Lisboa?,ISS030-E-237259
Lisboa High,ISS030-E-237262
Sevilla?,ISS030-E-237263
,ISS030-E-237298
?,ISS030-E-237310
,ISS030-E-237321
,ISS030-E-237349
,ISS030-E-237350
Azul,ISS030-E-237357
,ISS030-E-237456
,ISS030-E-237517
,ISS030-E-237545
HDR,ISS030-E-237577
,ISS030-E-237749
,ISS030-E-238011
,ISS030-E-238065
,ISS030-E-238183
Santiago de Chile ,ISS030-E-238183
,ISS030-E-239028
,ISS030-E-239040
,ISS030-E-239045
,ISS030-E-239056
,ISS030-E-239061
,ISS030-E-239074
,ISS030-E-239087
,ISS030-E-241851
,ISS030-E-241878
Azul,ISS030-E-242443
?,ISS030-E-242450
     sobre españa,ISS030-E-242859
     Ireland,ISS030-E-243521
,ISS030-E-244356
,ISS030-E-244524
,ISS030-E-244551
,ISS030-E-244589
,ISS030-E-244600
,ISS030-E-244628
,ISS030-E-244699
Riyadh,ISS030-E-244744
Madrid,ISS030-E-244810
Madrid,ISS030-E-244810
,ISS030-E-244814
Valencia,ISS030-E-244816
Valencia,ISS030-E-244817
,ISS030-E-244822
,ISS030-E-247196
,ISS030-E-247968
,ISS030-E-248497
,ISS030-E-248814
,ISS030-E-248846
,ISS030-E-248864
Los angeles,ISS030-E-248866
,ISS030-E-248898
,ISS030-E-248923
Holanda HDR,ISS030-E-248994
,ISS030-E-250000
,ISS030-E-250004
,ISS030-E-250050
,ISS030-E-250093
,ISS030-E-250115
,ISS030-E-250143
Kubait City,ISS030-E-250145
,ISS030-E-250154
Dubai,ISS030-E-250155
,ISS030-E-250163
Dubai,ISS030-E-250164
,ISS030-E-250193
Melburne ,ISS030-E-250194
,ISS030-E-250206
Cabe town,ISS030-E-250211
,ISS030-E-250541
,ISS030-E-254993
,ISS030-E-255156
,ISS030-E-255206
,ISS030-E-255258
,ISS030-E-255358
,ISS030-E-255429
,ISS030-E-255477
,ISS030-E-255606
,ISS030-E-255709
     Europa,ISS030-E-255727
,ISS030-E-256259
,ISS030-E-256510
     Europa,ISS030-E-256860
Madrid,ISS030-E-258862
Barcelona,ISS030-E-258863
Barcelona,ISS030-E-262230
,ISS030-E-262248
barcelona,ISS030-E-262261
,ISS030-E-264284
,ISS030-E-266261
,ISS030-E-266267
,ISS030-E-266645
,ISS030-E-267494
,ISS030-E-267548
     Francia,ISS030-E-267858
     UK,ISS030-E-268878
,ISS030-E-270578
,ISS030-E-270583
,ISS030-E-270590
,ISS030-E-270596
    ,ISS030-E-270715
,ISS030-E-271005
,ISS030-E-271017
,ISS030-E-271031
,ISS030-E-271051
,ISS030-E-271074
,ISS030-E-271090
,ISS030-E-271185
,ISS030-E-271233
,ISS030-E-271253
Phenix,ISS030-E-271253
,ISS030-E-271277
,ISS030-E-271295
,ISS030-E-271371
     hdr,ISS030-E-271607
Florida hdr,ISS030-E-271623
,ISS030-E-271964
,ISS030-E-271994
,ISS030-E-272003
,ISS030-E-272030
,ISS030-E-272208
,ISS030-E-273421
,ISS030-E-273432
,ISS030-E-273456
    ,ISS030-E-273982
,ISS030-E-274357
,ISS030-E-274359
,ISS030-E-274365
,ISS030-E-274368
,ISS030-E-274372
,ISS030-E-274380
,ISS030-E-274386
,ISS030-E-274400
,ISS030-E-274676
,ISS030-E-274682
,ISS030-E-274804
,ISS030-E-274808
,ISS030-E-274834
,ISS030-E-274851
,ISS030-E-274859
Madrid,ISS030-E-274866
Madrid,ISS030-E-274867
Madrid,ISS030-E-274877
,ISS030-E-274882
,ISS030-E-274882
,ISS030-E-274895
,ISS030-E-274898
,ISS030-E-274931
,ISS030-E-274947
,ISS030-E-274959
,ISS030-E-274961
Madrid,ISS030-E-274968
,ISS030-E-274973
,ISS030-E-275007
,ISS030-E-275022
,ISS030-E-275031
,ISS030-E-275038
,ISS030-E-276883
,ISS030-E-276892
,ISS030-E-276898
,ISS030-E-276916
,ISS030-E-276926
,ISS030-E-276954
,ISS030-E-276970
,ISS030-E-278741
España      HDR,ISS030-E-278746
,ISS030-E-279263
     Norte de España,ISS030-E-279383
,ISS030-E-280255
,ISS030-E-280259
,ISS030-E-280477
,ISS030-E-280488
,ISS030-E-280502
,ISS030-E-280528
,ISS030-E-280574
,ISS030-E-280610
,ISS030-E-280638
Cadiz,ISS030-E-280639
Malaga?,ISS030-E-280640
Almeria,ISS030-E-280643
Valencia,ISS030-E-280649
Valencia,ISS030-E-280653
Barcelona,ISS030-E-280655
,ISS030-E-280661
,ISS030-E-280693
,ISS030-E-280705
,ISS030-E-280795
,ISS030-E-280808
    ,ISS030-E-281044
,ISS030-E-281413
,ISS030-E-283107
,ISS030-E-283116
,ISS030-E-283128
,ISS030-E-283139
,ISS030-E-283149
Mexico city,ISS030-E-283151
dos temperaturas de color,ISS030-E-283164
,ISS030-E-283165
,ISS030-E-283168
,ISS030-E-283191
,ISS030-E-283206
,ISS030-E-283430
,ISS030-E-283454
,ISS030-E-283463
,ISS030-E-283501
,ISS030-E-286159
,ISS030-E-286160
,ISS030-E-286170
,ISS030-E-286176
Cadiz,ISS030-E-286610
,ISS030-E-286621
,ISS030-E-286628
,ISS030-E-286635
,ISS030-E-286644
Lisboa,ISS030-E-286658
Sevilla,ISS030-E-286660
Madrid,ISS030-E-286669
Madrid provincia,ISS030-E-286671
Madrid,ISS030-E-286680
,ISS030-E-286685
,ISS030-E-286686
,ISS030-E-286709
,ISS030-E-286734
Egipto,ISS030-E-286759
,ISS030-E-287207
,ISS030-E-291368
Lisboa,ISS030-E-291388
Lisboa High,ISS030-E-291390
,ISS030-E-291392
,ISS030-E-291398
,ISS030-E-291402
,ISS030-E-291406
,ISS030-E-291406
Sherbrooke and Montreal,ISS030-E-291410
,ISS030-E-291430
,ISS030-E-291431
,ISS030-E-291455
,ISS030-E-291455
,ISS030-E-291455
,ISS030-E-291504
,ISS030-E-291504
,ISS030-E-291531
,ISS030-E-291532
Italy,ISS030-E-292252
     varias,ISS030-E-292261
Madrid,ISS030-E-292893
Quebec city,ISS030-E-51906
Mexico city,ISS030-E-57877
Florida,ISS030-E-6089
Tucson,ISS030-E-61693
Tucson,ISS030-E-61700
Ciudad Juarez,ISS030-E-61707
Toronto,ISS030-E-63198
Montreal,ISS030-E-63219
Sherbrooke,ISS030-E-63230
Sherbrooke,ISS030-E-63230
Las Vegas,ISS030-E-63294
Fenix,ISS030-E-63302
Mexico city,ISS030-E-64607
Madrid,ISS030-E-67805
Oporto,ISS030-E-67806
Moscu,ISS030-E-67817
Abu dabi,ISS030-E-71875
Dubai,ISS030-E-71895
San jose (Costa rica),"ISS030-E-77266
"
Panamá Channel,ISS030-E-77269
Montreal,ISS030-E-77311
Madrid,ISS030-E-82053
Madrid,ISS030-E-82053
,ISS030-E-82055
,ISS030-E-83226
Paris?,ISS030-E-83237
Fenix,ISS030-E-83318
Fenix and Tucson,ISS030-E-83324
Sandiego Tijuana,ISS030-E-83463
Los Ángeles,ISS030-E-83472
Las vegas,ISS030-E-83493
Lso Angeles to San diego,ISS030-E-83677
Alburquerque,ISS030-E-83692
New Deli,ISS030-E-85860
Tucson,ISS030-E-86471
Kerman,ISS030-E-97247
Sydney,ISS030-E-99281
Abu dabi?,ISS030-E-99315
Abu dabi?,ISS030-E-99316
Abu dabi?,ISS030-E-99327
Abu dabi?,ISS030-E-99331
,ISS031-E-10647
    ,ISS031-E-10772
,ISS031-E-111105
,ISS031-E-112326
,ISS031-E-112407
,ISS031-E-121250
,ISS031-E-123001
,ISS031-E-124224
,ISS031-E-125302
,ISS031-E-125327
,ISS031-E-125947
,ISS031-E-126063
,ISS031-E-126710
,ISS031-E-126722
,ISS031-E-126740
,ISS031-E-127270
,ISS031-E-127320
,ISS031-E-128072
,ISS031-E-128072
HDR Pleyades+ Luna,ISS031-E-130673
,ISS031-E-132700
,ISS031-E-133486
,ISS031-E-134816
,ISS031-E-13637
,ISS031-E-35862
Buenos Aires,ISS031-E-35878
,ISS031-E-36964
,ISS031-E-39546
,ISS031-E-44836
,ISS031-E-49523
,ISS031-E-49528
,ISS031-E-69945
,ISS031-E-69983
Mexico city,ISS031-E-80639
Barrido,ISS031-E-83781
Barrido,ISS031-E-83940
IR,ISS031-E-84480
Fuego IR,ISS031-E-84490
,ISS031-E-9190
,ISS031-E-9190
,ISS031-E-9198
,ISS031-E-9198
,ISS031-E-9201
,ISS031-E-9207
España,ISS031-E-94654
Egipto ,ISS031-E-95236
,ISS031-E-95413
Liboa ,ISS031-E-95615
Madrid HDR,ISS031-E-95629
,ISS031-E-95676
,ISS031-E-95683
,ISS031-E-9642
,ISS031-E-9657
,ISS031-E-96814
,ISS031-E-97229
España ,ISS031-E-97461
,ISS031-E-98078
,ISS031-E-99537
Madrid,ISS031-E-99966
Rio de Janeiro,ISS032-E-11330
Gibraltar,ISS032-E-12040
Malaga,ISS032-E-12047
Murcia,ISS032-E-12050
Valencia,ISS032-E-12068
Barcelona,ISS032-E-12083
Lisboa High,ISS032-E-12359
Madrid De lado,ISS032-E-12378
Malga low,ISS032-E-12638
Murcia Low,ISS032-E-12642
Barcelona Low,ISS032-E-12646
Sur portugal,ISS032-E-12995
Norte Portugal,ISS032-E-12997
Lisboa High,ISS032-E-15029
Madrid Lado,ISS032-E-15074
Lisboa High,ISS032-E-15525
Pontevedra y Vigo,ISS032-E-15526
Tokyo,ISS032-E-19779
,ISS032-E-22381
,ISS033-E-10475
,ISS033-E-10628
,ISS033-E-10985
Tokyo,ISS033-E-11029
,ISS033-E-11069
,ISS033-E-11084
,ISS033-E-11119
,ISS033-E-12473
,ISS033-E-13277
,ISS033-E-13324
Italy,ISS033-E-13705
,ISS033-E-13726
,ISS033-E-13764
Sicilia,ISS033-E-13966
,ISS033-E-14129
BALTIMORE ,ISS033-E-14186
,ISS033-E-14336
Cabe town,ISS033-E-14393
Quatar,ISS033-E-14856
Incendios,ISS033-E-15701
,ISS033-E-16209
,ISS033-E-19648
,ISS033-E-20237
,ISS033-E-20250
,ISS033-E-20297
,ISS033-E-20317
,ISS033-E-21275
,ISS033-E-21462
,ISS033-E-21762
,ISS033-E-22445
,ISS033-E-22473
,ISS033-E-22734
,ISS033-E-22746
Libia,ISS033-E-5292
,ISS033-E-6676
,ISS033-E-7149
,ISS033-E-7606
,ISS033-E-8700
Shanhai,ISS033-E-8748
Pekin,ISS033-E-8821
,ISS033-E-8887
Cairo,ISS033-E-9707
,ISS033-E-9854
Cali,ISS034-E-13892
Detroit ,ISS034-E-31367
,ISS034-E-31367
,ISS034-E-31375
Montreal,ISS034-E-31385
Montreal,ISS034-E-31385
Montreal,ISS034-E-31385
Montreal,ISS034-E-31388
Los Angeles?,ISS034-E-31413
,ISS034-E-31419
Las Vegas,ISS034-E-31419
Las Vegas,ISS034-E-31419
,ISS034-E-31427
,ISS034-E-32451
,ISS034-E-32454
MExico city,ISS034-E-32454
,ISS034-E-32463
,ISS034-E-32466
New york,ISS034-E-32475
Nueva york?,ISS034-E-32475
new york,ISS034-E-32475
New York ,ISS034-E-32475
Boston,ISS034-E-32479
Boston,ISS034-E-32479
,ISS034-E-32492
,ISS034-E-32494
,ISS034-E-32513
,ISS034-E-33263
     costa a costa,ISS034-E-33356
,ISS034-E-33356
    ,ISS034-E-33367
Tokyo ,ISS034-E-34352
,ISS034-E-34367
,ISS034-E-34367
,ISS034-E-34397
,ISS034-E-34397
,ISS034-E-34420
,ISS034-E-34438
,ISS034-E-34451
,ISS034-E-34451
,ISS034-E-35231
,ISS034-E-35231
Athens,ISS034-E-35232
,ISS034-E-35268
,ISS034-E-35280
,ISS034-E-35348
,ISS034-E-35348
,ISS034-E-35358
,ISS034-E-35361
,ISS034-E-35391
,ISS034-E-35391
,ISS034-E-35421
,ISS034-E-35432
,ISS034-E-35437
incendios,ISS034-E-35528
San Francisco,ISS034-E-35544
,ISS034-E-35546
"reno, nevada",ISS034-E-35548
,ISS034-E-36422
,ISS034-E-36422
,ISS034-E-36432
,ISS034-E-36441
,ISS034-E-37194
,ISS034-E-37203
,ISS034-E-37205
,ISS034-E-37224
,ISS034-E-37231
,ISS034-E-37235
,ISS034-E-37245
,ISS034-E-37464
,ISS034-E-37464
,ISS034-E-38531
,ISS034-E-38536
,ISS034-E-38652
,ISS034-E-38774
Brutal,ISS034-E-38784
,ISS034-E-38790
,ISS034-E-38811
,ISS034-E-38817
,ISS034-E-38853
,ISS034-E-38855
España,ISS034-E-39005
España,ISS034-E-39005
Cerdeña,ISS034-E-39006
Corcega y Cerdeña,ISS034-E-39006
    ,ISS034-E-39057
,ISS034-E-39170
,ISS034-E-39173
Indiana ?,ISS034-E-39182
,ISS034-E-39224
,ISS034-E-39307
,ISS034-E-39311
,ISS034-E-39315
,ISS034-E-39320
Burdeos,ISS034-E-39320
Londres?,ISS034-E-39331
Ottawa,ISS034-E-39337
,ISS034-E-39362
,ISS034-E-39369
     Florida,ISS034-E-39464
     Europa,ISS034-E-39768
,ISS034-E-40460
,ISS034-E-40506
,ISS034-E-40597
    ,ISS034-E-40654
     Japon,ISS034-E-40736
,ISS034-E-41189
España,ISS034-E-41595
Baleares,ISS034-E-41597
Baleares y cataluña,ISS034-E-41598
Italia,ISS034-E-41602
,ISS034-E-42523
Tucson,ISS034-E-43224
,ISS034-E-43226
,ISS034-E-43323
,ISS034-E-43794
,ISS034-E-43824
,ISS034-E-43973
,ISS034-E-43984
,ISS034-E-44034
,ISS034-E-44184
,ISS034-E-44199
,ISS034-E-44223
,ISS034-E-44229
,ISS034-E-44258
,ISS034-E-44268
,ISS034-E-44295
,ISS034-E-44346
,ISS034-E-44363
,ISS034-E-44375
,ISS034-E-44386
Dhahram,ISS034-E-44406
,ISS034-E-44406
,ISS034-E-44414
Barcelona,ISS034-E-44428
Matruh (oman),ISS034-E-44519
,ISS034-E-44544
,ISS034-E-44556
Chicago,ISS034-E-44576
,ISS034-E-44581
Norfolk,ISS034-E-44584
,ISS034-E-44592
,ISS034-E-44595
Maracabivo,ISS034-E-44609
Beiging,ISS034-E-44618
,ISS034-E-44849
,ISS034-E-45204
,ISS034-E-45495
,ISS034-E-45560
,ISS034-E-45870
Kubait City,ISS034-E-45871
Abu dabi,ISS034-E-45874
,ISS034-E-45874
,ISS034-E-47152
Pekin,ISS034-E-47168
,ISS034-E-47298
,ISS034-E-47306
,ISS034-E-47312
,ISS034-E-47335
,ISS034-E-47360
Inglaterra,ISS034-E-47413
,ISS034-E-47455
,ISS034-E-48086
Shiraz,ISS034-E-48171
,ISS034-E-48172
Matruh (oman),ISS034-E-48185
,ISS034-E-48188
,ISS034-E-48512
,ISS034-E-48554
,ISS034-E-48589
,ISS034-E-48599
,ISS034-E-48628
,ISS034-E-48655
,ISS034-E-49846
,ISS034-E-49992
Verde verde,ISS034-E-49995
,ISS034-E-50010
,ISS034-E-50018
,ISS034-E-50027
     inlaterra despejada,ISS034-E-50097
,ISS034-E-50141
Nilo,ISS034-E-50219
,ISS034-E-50263
,ISS034-E-50941
,ISS034-E-51005
,ISS034-E-51051
,ISS034-E-51082
,ISS034-E-51110
,ISS034-E-51139
,ISS034-E-51160
,ISS034-E-51173
,ISS034-E-51904
,ISS034-E-52952
pekin,ISS034-E-55022
,ISS034-E-55035
azul,ISS034-E-55036
,ISS034-E-55690
Beiging,ISS034-E-5847
Pekin,ISS034-E-5848
Madrid de Lado,ISS034-E-58832
Berlin,ISS034-E-5947
Theran,ISS034-E-5998
Richmond,ISS034-E-6005
Washionton DC,ISS034-E-6008
New york,ISS034-E-6015
Londres,ISS034-E-6075
Bangalore?,ISS034-E-6097
Londres HDR,ISS034-E-6288
Tokyo ,ISS034-E-6291
Al Ain,ISS034-E-68529
Panama,ISS034-E-68939
Chicago,ISS034-E-7443
Washionton DC,ISS034-E-7457
Quebec City,ISS035-E-17103
Quebec City,ISS035-E-17104
Boston,ISS035-E-17114
Algeciras?,ISS035-E-23348
Madrid,ISS035-E-23353
Valencia,ISS035-E-23377
Barcelona,ISS035-E-23381
Costa este españa,ISS035-E-23599
Balerares,ISS035-E-23600
,ISS035-E-7916
MExico city,ISS035-E-7927
Monterey,ISS035-E-7939
New York ,ISS035-E-8055
Los Ángeles,ISS035-E-8590
Los Ángeles,ISS035-E-8607
Sydney,ISS035-E-9239
Sydney,ISS035-E-9242
New Deli,ISS035-E-9874
Sydney,ISS036-E-13583
Melburne,ISS036-E-32774
Paris,ISS037-E-15290
Geneva,ISS037-E-15299
San Francisco,ISS037-E-15436
Phenix,ISS037-E-15441
Las vegas,ISS037-E-15457
Italy,ISS037-E-15920
Melburne,ISS037-E-16105
Bercelona,ISS037-E-17652
Marsellie,ISS037-E-17663
Roma,ISS037-E-17676
Sicily,ISS037-E-17681
Malta,ISS037-E-17693
Sicily,ISS037-E-17703
Sicily,ISS037-E-17723
Italy,ISS037-E-18139
Madrid,ISS037-E-18389
Estrecho,ISS037-E-18439
Italy,ISS037-E-18453
Bosforous,ISS037-E-18651
Italy,ISS037-E-18859
Nilo,ISS037-E-19897
Perth,ISS037-E-20639
Newcastel (Aus),ISS037-E-20983
San Francisco,ISS037-E-15432
Perth,ISS037-E-20644
NEWCASTLE AT NIGHT,ISS037-E-20987
Moscu ,ISS030-E-208899
London,ISS030-E-208923
Rotherdam,ISS030-E-208934
Valencia,ISS030-E-209048
Milan,ISS030-E-209792
Beograd,ISS030-E-211248
Bucarest,ISS030-E-211253
London,ISS030-E-211360
Dublin,ISS030-E-211435
London,ISS030-E-211445
Wien,ISS030-E-211471
Bucarest,ISS030-E-211516
FRanckfurt,ISS030-E-217472
Berlin,ISS030-E-217485
Warsaw,ISS030-E-217488
London,ISS030-E-217578
Rotherdam,ISS030-E-217598
Zagred,ISS030-E-217785
Beograd,ISS030-E-217790
London,ISS030-E-224444
Medina,ISS030-E-224473
 some place in india,ISS030-E-234039
Riyald,ISS030-E-234084
¿Ankara?,ISS030-E-236371
Dubai,ISS030-E-236391
Milan,ISS030-E-237304
¿Rome?,ISS030-E-237307
Medina,ISS030-E-237318
jeddah,ISS030-E-237323
¿Meca?,ISS030-E-237327
Paris,ISS030-E-237335
Zurich,ISS030-E-237340
Santiago de Chile,ISS030-E-238185
Valencia,ISS030-E-244816
"Sagunto, near Valencia",ISS030-E-244814
Argel,ISS030-E-244822
London,ISS030-E-250003
Rome,ISS030-E-258874
¿Near venice?,ISS030-E-258875
Barcelona,ISS030-E-262264
Paris,ISS030-E-274363
?,ISS030-E-274370
Istanbul,ISS030-E-274380
Milan,ISS030-E-258865
Madrid,ISS030-E-258862
Rome,ISS030-E-258873
Milan,ISS030-E-274886
New York,ISS035-E-8051
Taiwan,ISS038-E-2905
JApan,ISS038-E-2915
Japan,ISS038-E-2927
Winnipeg,ISS038-E-9715
,ISS038-E-10485
Wien,ISS038-E-11929
Paris,ISS038-E-16389
Londres,ISS038-E-16384
Rome,ISS038-E-16425
Napoles,ISS038-E-16434
España,ISS038-E-9803
España,ISS038-E-9801
España,ISS038-E-9802
España,ISS038-E-9803
España,ISS038-E-9806
España,ISS038-E-9807
España,ISS038-E-9809
España,ISS038-E-9812
España,ISS038-E-10481
España,ISS038-E-10482
España,ISS038-E-10484
Sevilla,ISS038-E-11638
Italy,ISS038-E-11645
Italy,ISS038-E-11655
Italy,ISS038-E-14947
Italy,ISS038-E-17401
Holanda y Belgica,ISS038-E-15373
Shanhai,ISS038-E-4422
Kansas,ISS038-E-4453
Hawai,ISS030-E-52000
Hawai,ISS030-E-82650
Lunsodg naga,ISS030-E-82749
Charleston US,ISS030-E-69242
,ISS038-E-33566
,ISS038-E-33571
,ISS038-E-33579
"Innbruck, Austria",ISS030-E-188225
Munich,ISS030-E-211301
Frantfurt,ISS030-E-250119
Munich,ISS030-E-258964
Munich,ISS030-E-274369
Munich,ISS030-E-280826
Munich,ISS030-E-292907
Zagrez,ISS030-E-292908
Municj,ISS032-E-15552
Seul,ISS038-E-34823
Hong Kong,ISS038-E-36829
,ISS038-E-36884
,ISS038-E-36900
San francisco,ISS038-E-36933
Malaga,ISS032-E-12048
Pekin,ISS038-E-43616
Olimpic falme,ISS038-E-42990
New york,ISS038-E-43764
Paris,ISS038-E-44094
,ISS038-E-44095
Franfurt,ISS038-E-44098
Düseldorff,ISS038-E-44095
Paris,ISS038-E-44373
,ISS038-E-44382
Sicilia,ISS038-E-44412
,ISS038-E-44463
,ISS038-E-44464
"nigbo, china",ISS038-E-54927
,ISS038-E-56282
Franfurt,ISS030-E-217677
